336
4th Armoured Division
5th Armoured Division
6th Armoured Division
7th Armoured Division
2nd French Armoured Division
82nd Airborne Division
I0Ist Airborne Division
Ist Infantry Division
2nd Infantry Division
4th Infantry Division
5th Infantry Division
8th Infantry Division
9th Infantry Division
28th Infantry Division
2gth Infantry Division
3oth Infantry Division
35th Infantry Division
79th Infantry Division
8oth Infantry Division
83rd Infantry Division
goth Infantry Division
SIX ARMIES IN NORMANDY
Army Groups B and G (German)
(original divisional locations on Map I, p. xviii)
Seventh Army
77th Infantry Division
gIst Infantry Division
243rd Infantry Division
265th Infantry Division
266th Infantry Division
275th Infantry Division
343rd Infantry Division
352nd Infantry Division
353rd Infantry Division
70gth Infantry Division
7I6th Infantry Division
and Parachute Division
3rd Parachute Division
5th Parachute Division
Fifteenth Army
48th Infantry Division
84th Infantry Division
mid-August
by July 3oth
July 28th
August and
July 28th
August 14th
August 1st
D-Day
D-Day
D-Day
June 8th
D-Day
July sóch
July 8th
Tune 14th
July 27th
June yth
Tune 15th
July rith
June Igth
August 8th
June 27th
June roth
APPENDIX
8jth Infantry Division
326th Infantry Division
33ISt Infantry Division
344th Infantry Division
346th Infantry Division
71Ith Infantry Division
17th Luftwaffe Field Division
Nineteenth Army
271st Infantry Division
272nd Infantry Division
277th Infantry Division
338th Infantry Division
First Army
276th Infantry Division
708th Infantry Division
From outside France and Belgium
89th Infantry Division (Norway)
363rd Infantry Division (Denmark)
T6th Luftwaffe Field Division (Netherlands)
Armoured Divisions
Ist SS Panzer Division
and Panzer Division
and SS Panzer Division
9th Panzer Division
9th SS Panzer Division
} from Russia
Ioth SS Panzer Division
I2th SS Panzer Division
17th SS Panzergrenadier Division
2Ist Panzer Division
Iloth Panzer Division
Panzer Lehr Division
337
August 5th
by July 3oth
by July 3oth
mid-August
by June 2gth
by June 29th
mid-August
July 24th
July 24th
June 29th
mid-August
June 2gth
by July 3oth
early-August
by July 3oth
mid-June
late June
in Normandy
late June
early August
June 25th
In Normandy
June 12th
In Normandy
July zoth
June 8th
